City_ID,City,Country,Lat,Lng,Max Temp,Humidity,Cloudiness,Wind Speed,Current Description
0,East London,ZA,-33.0153,27.9116,72.54,64,0,17.27,clear sky
1,Olafsvik,IS,64.8945,-23.7142,26.56,68,82,15.7,snow
2,Mataura,NZ,-46.1927,168.8643,50.49,98,100,2.04,overcast clouds
3,Tasiilaq,GL,65.6145,-37.6368,6.96,74,4,3.76,clear sky
4,Kaitangata,NZ,-46.2817,169.8464,48.78,94,96,5.91,overcast clouds
5,Busselton,AU,-33.65,115.3333,76.08,56,32,6.17,scattered clouds
6,Harper,LR,4.375,-7.7169,83.62,71,55,8.77,broken clouds
7,Punta Arenas,CL,-53.15,-70.9167,55.51,50,40,14.97,scattered clouds
8,Hithadhoo,MV,-0.6,73.0833,81.66,76,62,11.92,broken clouds
9,Thompson,CA,55.7435,-97.8558,-12.84,77,90,5.75,overcast clouds
10,Saskylakh,RU,71.9167,114.0833,-31.95,100,49,1.99,scattered clouds
11,Kupang,ID,-10.1667,123.5833,77.58,100,40,2.3,scattered clouds
12,Nouakchott,MR,18.0858,-15.9785,93.13,22,1,11.7,clear sky
13,Atuona,PF,-9.8,-139.0333,78.8,72,9,19.39,clear sky
14,Port Elizabeth,ZA,-33.918,25.5701,72.1,73,20,25.32,few clouds
15,San Patricio,US,28.017,-97.5169,77.09,70,7,14.9,clear sky
16,Ushuaia,AR,-54.8,-68.3,47.86,66,75,19.57,broken clouds
17,Faanui,PF,-16.4833,-151.75,80.04,73,100,6.04,light rain
18,Lagoa,PT,39.05,-27.9833,63.97,89,100,35.34,overcast clouds
19,Mbandaka,CD,0.0487,18.2603,75.2,89,66,6.69,light rain
20,Codrington,AU,-38.2667,141.9667,51.35,92,2,7.61,clear sky
21,Braintree,GB,51.8782,0.5529,51.78,93,97,20.4,overcast clouds
22,Kahului,US,20.8947,-156.47,68.97,77,1,5.75,clear sky
23,Cayenne,GF,4.9333,-52.3333,84.24,84,90,7.0,overcast clouds
24,Beringovskiy,RU,63.05,179.3167,2.95,97,100,18.32,snow
25,Ponta Do Sol,PT,32.6667,-17.1,71.01,85,59,5.68,broken clouds
26,Rikitea,PF,-23.1203,-134.9692,76.66,79,69,13.58,broken clouds
27,Mitchell,US,43.7094,-98.0298,3.18,78,90,17.27,overcast clouds
28,Avarua,CK,-21.2078,-159.775,75.25,73,100,5.75,overcast clouds
29,Bluff,NZ,-46.6,168.3333,50.81,73,100,8.99,overcast clouds
30,Thinadhoo,MV,0.5333,72.9333,81.55,74,83,11.63,broken clouds
31,Kodiak,US,57.79,-152.4072,38.97,77,3,5.97,clear sky
32,Saint-Philippe,RE,-21.3585,55.7679,78.39,86,96,14.05,light rain
33,Tuatapere,NZ,-46.1333,167.6833,50.83,90,100,3.4,overcast clouds
34,Qaanaaq,GL,77.484,-69.3632,-3.44,53,49,7.27,scattered clouds
35,Namibe,AO,-15.1961,12.1522,73.9,60,62,11.01,broken clouds
36,Clyde River,CA,70.4692,-68.5914,-18.17,76,20,3.44,few clouds
37,Nalut,LY,30.3333,10.85,63.36,48,0,12.64,clear sky
38,Kapaa,US,22.0752,-159.319,74.12,76,75,1.01,light rain
39,Surt,LY,31.2089,16.5887,65.28,63,16,9.35,few clouds
40,Butaritari,KI,3.0707,172.7902,80.6,80,99,6.31,moderate rain
41,Carnarvon,AU,-24.8667,113.6333,80.67,69,97,18.41,overcast clouds
42,Bansi,IN,27.1833,82.9333,60.24,82,100,1.01,overcast clouds
43,Kontagora,NG,10.3999,5.4695,92.41,13,26,5.19,scattered clouds
44,San Policarpo,PH,12.1791,125.5072,79.12,81,91,19.95,overcast clouds
45,Silver City,US,32.7701,-108.2803,36.68,72,1,13.0,clear sky
46,Longyearbyen,SJ,78.2186,15.6401,4.84,72,0,16.11,clear sky
47,Pangody,RU,65.85,74.4859,-9.63,100,76,8.95,broken clouds
48,Dennery,LC,13.8996,-60.8879,84.29,65,40,13.8,scattered clouds
49,Severo-Kurilsk,RU,50.6789,156.125,29.61,93,100,36.17,snow
50,Chlorakas,CY,34.8042,32.4083,58.23,76,20,3.44,few clouds
51,Cabra,ES,37.4725,-4.4421,63.84,67,8,4.0,clear sky
52,Airai,TL,-8.9266,125.4092,60.85,89,100,1.92,overcast clouds
53,Puerto Ayora,EC,-0.7393,-90.3518,75.16,76,99,9.01,overcast clouds
54,Tiksi,RU,71.6872,128.8694,-18.62,100,100,4.81,overcast clouds
55,Dajal,PK,29.5577,70.3762,59.04,51,0,6.69,clear sky
56,Ahipara,NZ,-35.1667,173.1667,65.05,94,100,13.47,overcast clouds
57,Caravelas,BR,-17.7125,-39.2481,79.56,77,100,8.72,heavy intensity rain
58,Ancud,CL,-41.8697,-73.8203,67.53,65,10,6.67,clear sky
59,Chumphon,TH,10.3333,98.8333,69.33,94,24,3.0,few clouds
60,Albany,US,42.6001,-73.9662,41.47,91,43,1.01,scattered clouds
61,Hermanus,ZA,-34.4187,19.2345,70.9,65,92,7.74,overcast clouds
62,Sao Joao Da Barra,BR,-21.6403,-41.0511,87.89,66,16,4.32,few clouds
63,Touros,BR,-5.1989,-35.4608,88.7,60,48,15.68,scattered clouds
64,Itarema,BR,-2.9248,-39.9167,88.79,57,51,17.52,broken clouds
65,Georgetown,MY,5.4112,100.3354,82.89,80,20,1.01,few clouds
66,Mahebourg,MU,-20.4081,57.7,79.25,83,40,11.5,light rain
67,Arraial Do Cabo,BR,-22.9661,-42.0278,84.16,74,40,8.05,scattered clouds
68,Lebu,CL,-37.6167,-73.65,65.66,72,99,11.95,overcast clouds
69,Ola,RU,59.5833,151.2833,-9.27,78,100,13.67,overcast clouds
70,Gazanjyk,TM,39.2446,55.5154,41.23,58,99,4.54,overcast clouds
71,Nandurbar,IN,21.3667,74.25,69.3,62,30,7.72,scattered clouds
72,Cherskiy,RU,68.75,161.3,-43.58,98,100,1.63,overcast clouds
73,Chuy,UY,-33.6971,-53.4616,82.26,35,1,7.67,clear sky
74,Victoria,HK,22.2855,114.1577,65.25,79,32,4.0,scattered clouds
75,Souillac,MU,-20.5167,57.5167,79.36,83,40,11.5,scattered clouds
76,Arenys De Mar,ES,41.5819,2.5494,67.57,68,80,2.98,broken clouds
77,Yellowknife,CA,62.456,-114.3525,-32.71,74,1,5.75,clear sky
78,Necochea,AR,-38.5473,-58.7368,75.04,54,0,15.64,clear sky
79,Bambous Virieux,MU,-20.3428,57.7575,79.21,83,40,11.5,light rain
80,Kashan,IR,33.9831,51.4364,45.54,45,4,2.35,clear sky
81,Bairiki,KI,1.3292,172.9752,78.8,89,20,1.14,few clouds
82,Mattru,SL,7.6244,-11.8332,93.34,35,96,2.8,overcast clouds
83,Barrow,US,71.2906,-156.7887,-20.18,76,1,8.05,clear sky
84,Walvis Bay,NA,-22.9575,14.5053,76.15,50,12,19.57,few clouds
85,Ust-Nera,RU,64.5667,143.2,-35.21,100,93,4.27,overcast clouds
86,Banamba,ML,13.55,-7.45,90.52,8,0,10.02,clear sky
87,Abengourou,CI,6.7297,-3.4964,96.3,19,84,2.21,broken clouds
88,Solnechnyy,RU,50.7214,136.6319,-22.31,98,65,1.83,broken clouds
89,Bredasdorp,ZA,-34.5322,20.0403,67.32,56,93,9.22,overcast clouds
90,Progreso,MX,21.2833,-89.6667,82.11,62,0,15.64,clear sky
91,Dunedin,NZ,-45.8742,170.5036,53.8,72,100,4.0,light rain
92,Sola,VU,-13.8833,167.55,81.73,78,100,6.11,overcast clouds
93,Esperance,AU,-33.8667,121.9,60.64,80,6,17.18,clear sky
94,Hlotse,LS,-28.8718,28.045,68.47,44,94,10.07,overcast clouds
95,Chandbali,IN,20.7833,86.7667,69.24,78,0,6.82,clear sky
96,Karpathos,GR,35.507,27.2132,62.56,72,40,14.97,scattered clouds
97,Sur,OM,22.5667,59.5289,73.4,67,70,6.51,broken clouds
98,Macheng,CN,31.1783,115.0319,37.53,43,1,1.41,clear sky
99,Castro,BR,-24.7911,-50.0119,84.36,42,7,6.33,clear sky
100,Renqiu,CN,38.6989,116.0936,27.54,49,0,3.36,clear sky
101,Ardu,EE,59.0986,25.3541,22.68,81,100,9.6,overcast clouds
102,Halifax,CA,44.6453,-63.5724,35.42,80,100,3.44,overcast clouds
103,The Pas,CA,53.8251,-101.2541,-23.78,76,20,3.44,few clouds
104,Grants,US,35.1473,-107.8514,32.23,59,1,16.11,clear sky
105,Nome,US,64.5011,-165.4064,24.87,86,90,12.66,light snow
106,Geilo,NO,60.5333,8.2076,14.4,84,17,5.88,few clouds
107,Calama,CL,-22.4667,-68.9333,77.49,12,0,11.72,clear sky
108,Eniwa,JP,42.8779,141.5442,11.82,92,75,1.14,broken clouds
109,Acapulco,MX,16.8634,-99.8901,79.9,62,0,0.85,clear sky
110,Berlevag,NO,70.8578,29.0864,12.15,79,0,14.97,clear sky
111,Torbay,CA,47.6666,-52.7314,35.58,89,90,26.46,mist
112,Labuhan,ID,-6.8844,112.2051,80.38,80,98,7.0,heavy intensity rain
113,Aripuana,BR,-9.1667,-60.6333,76.48,97,100,3.06,light rain
114,Ribeira Grande,PT,38.5167,-28.7,66.6,88,75,28.77,broken clouds
115,Talara,PE,-4.5772,-81.2719,75.96,64,0,20.71,clear sky
116,Terme,TR,41.2092,36.9739,57.13,60,100,4.63,overcast clouds
117,Yenagoa,NG,4.9247,6.2642,85.62,60,97,8.52,light rain
118,Crotone,IT,39.0851,17.1178,57.29,94,0,10.36,clear sky
119,Wanaka,NZ,-44.7,169.15,51.12,78,88,1.01,overcast clouds
120,Vaini,TO,-21.2,-175.2,75.36,94,40,0.0,light rain
121,Ostrovnoy,RU,68.0531,39.5131,1.17,94,93,8.72,overcast clouds
122,Saldanha,ZA,-33.0117,17.9442,73.45,69,90,12.55,overcast clouds
123,El Vendrell,ES,41.2167,1.5333,67.75,76,9,4.0,clear sky
124,Aranos,NA,-24.1333,19.1167,87.33,11,11,5.19,few clouds
125,Price,US,39.5994,-110.8107,21.11,73,90,3.44,overcast clouds
126,Marrakesh,MA,31.6315,-8.0083,77.07,38,0,6.91,clear sky
127,Batemans Bay,AU,-35.7167,150.1833,53.91,81,76,3.58,broken clouds
128,Nikolskoye,RU,59.7035,30.7861,22.89,99,100,4.54,overcast clouds
129,Iracoubo,GF,5.4802,-53.2011,81.01,79,59,9.28,broken clouds
130,Kresttsy,RU,58.2452,32.5165,12.6,98,99,4.07,overcast clouds
131,Asosa,ET,10.0667,34.5333,71.47,50,53,3.56,broken clouds
132,Cidreira,BR,-30.1811,-50.2056,76.08,66,2,11.72,clear sky
133,Gbadolite,CD,4.2833,21.0167,86.0,52,76,7.56,broken clouds
134,Majene,ID,-3.5403,118.9707,77.63,84,97,6.24,overcast clouds
135,Zholymbet,KZ,51.7433,71.7122,20.26,94,100,16.26,light snow
136,Los Llanos De Aridane,ES,28.6585,-17.9182,65.95,92,75,1.99,broken clouds
137,Lodhikheda,IN,21.5833,78.8333,63.32,82,63,11.27,broken clouds
138,Maceio,BR,-9.6658,-35.7353,89.04,55,75,13.8,broken clouds
139,Kotka,FI,60.4664,26.9458,22.32,77,100,11.48,overcast clouds
140,Norman Wells,CA,65.282,-126.8329,-11.16,77,40,5.75,scattered clouds
141,Rock Sound,BS,24.9,-76.2,76.1,62,57,8.01,broken clouds
142,Alofi,NU,-19.0595,-169.9187,69.69,94,99,1.14,moderate rain
143,New Norfolk,AU,-42.7826,147.0587,52.72,72,25,1.99,scattered clouds
144,Loxstedt,DE,53.4667,8.65,45.01,98,96,11.01,overcast clouds
145,Talnakh,RU,69.4865,88.3972,9.21,81,97,10.6,overcast clouds
146,Alice Springs,AU,-23.7,133.8833,65.75,24,0,0.0,clear sky
147,Kosonsoy,UZ,41.2561,71.5508,27.16,35,1,6.93,clear sky
148,Hambantota,LK,6.1241,81.1185,77.34,88,0,11.5,clear sky
149,Vila Do Maio,CV,15.1333,-23.2167,83.19,64,0,10.76,clear sky
150,Manokwari,ID,-0.8667,134.0833,76.42,87,100,13.76,overcast clouds
151,Vestmannaeyjar,IS,63.4427,-20.2734,31.19,69,0,11.5,clear sky
152,Puerto Del Rosario,ES,28.5004,-13.8627,69.55,73,75,10.36,broken clouds
153,Coihaique,CL,-45.5752,-72.0662,64.35,34,0,9.22,clear sky
154,Haines Junction,CA,60.7522,-137.5108,10.35,79,100,2.3,overcast clouds
155,Bushenyi,UG,-0.5853,30.2114,63.93,87,98,2.28,light rain
156,Aksu,CN,41.1231,80.2644,22.8,65,70,3.42,broken clouds
157,Atasu,KZ,48.6814,71.6433,17.33,88,100,7.43,overcast clouds
158,Ugoofaaru,MV,5.6667,73.0,82.06,68,76,15.84,broken clouds
159,Portel,BR,-1.9356,-50.8211,76.26,93,100,2.24,overcast clouds
160,Green River,US,41.5286,-109.4662,11.19,89,97,8.23,overcast clouds
161,Muros,ES,42.7762,-9.0603,64.24,85,99,15.64,overcast clouds
162,Grand Gaube,MU,-20.0064,57.6608,79.38,79,100,5.01,light rain
163,Ilulissat,GL,69.2167,-51.1,-2.52,73,13,5.79,few clouds
164,Kelme,LT,55.6339,22.9342,14.02,84,86,15.7,overcast clouds
165,Russkaya Polyana,UA,49.417,31.9201,21.54,94,100,18.12,snow
166,Long Beach,US,33.767,-118.1892,53.62,75,90,7.0,overcast clouds
167,Oster,UA,50.9506,30.8823,21.9,77,100,13.15,overcast clouds
168,Flin Flon,CA,54.7682,-101.865,-25.76,68,20,6.91,few clouds
169,Bakloh,IN,32.4667,75.9167,44.38,42,28,6.13,scattered clouds
170,Puri,IN,19.8,85.85,72.12,70,1,9.78,clear sky
171,Cape Town,ZA,-33.9258,18.4232,70.21,54,20,13.8,few clouds
172,Haverfordwest,GB,51.8017,-4.9691,50.16,87,89,10.51,overcast clouds
173,Wazirabad,PK,32.4458,74.1159,53.58,44,0,7.11,clear sky
174,Husavik,IS,66.0449,-17.3389,31.91,92,100,27.02,light snow
175,Ucluelet,CA,48.9329,-125.5528,26.91,80,100,8.21,overcast clouds
176,Sukhobezvodnoye,RU,57.0491,44.8891,2.35,97,75,6.69,broken clouds
177,Port Blair,IN,11.6667,92.75,80.91,77,14,14.14,few clouds
178,Whitehorse,CA,60.7161,-135.0538,3.97,85,40,3.44,scattered clouds
179,Iqaluit,CA,63.7506,-68.5145,10.13,72,90,4.0,overcast clouds
180,Oytal,KZ,42.9057,73.2697,29.7,76,4,5.59,clear sky
181,Camacha,PT,33.0833,-16.3333,67.53,77,75,11.5,broken clouds
182,Kangaatsiaq,GL,68.3065,-53.4641,14.95,95,99,2.55,light snow
183,Davila,PH,18.4726,120.5763,71.58,79,8,16.04,clear sky
184,Vostok,RU,46.4856,135.8833,-9.47,93,96,3.83,overcast clouds
185,Chokurdakh,RU,70.6333,147.9167,-45.38,100,70,2.26,broken clouds
186,Kokkola,FI,63.8385,23.1307,32.94,93,75,7.0,broken clouds
187,Sungaipenuh,ID,-2.0833,101.3833,64.72,97,100,2.98,overcast clouds
188,Araouane,ML,18.9048,-3.5265,80.92,13,100,14.07,overcast clouds
189,Mae Ramat,TH,16.984,98.5166,68.22,80,0,2.57,clear sky
190,Carmarthen,GB,51.8555,-4.3054,50.5,87,75,14.97,broken clouds
191,Tuktoyaktuk,CA,69.4541,-133.0374,-14.8,76,1,16.11,clear sky
192,Isangel,VU,-19.55,169.2667,80.31,85,97,6.04,overcast clouds
193,Eregli,TR,37.5133,34.0467,38.48,68,89,3.36,overcast clouds
194,Dikson,RU,73.5069,80.5464,2.73,76,88,14.85,overcast clouds
195,Cap-Aux-Meules,CA,47.3821,-61.8597,33.85,86,75,4.61,broken clouds
196,Erenhot,CN,43.6475,111.9767,11.3,55,3,8.28,clear sky
197,Mount Gambier,AU,-37.8333,140.7667,51.71,93,0,8.05,clear sky
198,Tabas,IR,33.5959,56.9244,48.88,26,85,2.33,overcast clouds
199,Noyabrsk,RU,63.1994,75.4507,-0.98,99,91,9.84,overcast clouds
200,Golden,US,39.7555,-105.2211,30.47,59,75,5.99,broken clouds
201,Boa Vista,BR,2.8197,-60.6733,89.58,51,40,11.5,scattered clouds
202,Hilo,US,19.7297,-155.09,70.29,46,90,9.22,moderate rain
203,Kudahuvadhoo,MV,2.6708,72.8944,81.93,71,99,13.44,overcast clouds
204,Narwana,IN,29.6167,76.1167,54.1,65,42,7.18,scattered clouds
205,Gat,IL,31.61,34.7642,60.4,3,100,2.48,overcast clouds
206,Samarai,PG,-10.6167,150.6667,82.09,78,88,8.39,overcast clouds
207,Kruisfontein,ZA,-34.0033,24.7314,69.89,68,8,17.72,clear sky
208,Port Hedland,AU,-20.3167,118.5667,87.85,55,54,9.22,broken clouds
209,Evensk,RU,61.95,159.2333,-1.77,86,100,15.64,overcast clouds
210,Panguna,PG,-6.3164,155.4848,69.35,93,100,1.32,overcast clouds
211,Broken Hill,AU,-31.95,141.4333,78.51,31,5,12.66,clear sky
212,San Pedro,PH,14.35,121.0167,78.03,75,75,6.91,broken clouds
213,Aykhal,RU,66.0,111.5,-24.86,100,97,7.87,overcast clouds
214,Wanning,CN,18.8003,110.3967,67.15,91,100,6.71,overcast clouds
215,Buala,SB,-8.145,159.5921,80.35,80,100,4.9,overcast clouds
216,Catamarca,AR,-28.4696,-65.7852,89.04,48,39,5.01,scattered clouds
217,Kargalinskaya,RU,43.7417,46.4792,46.58,73,62,15.23,broken clouds
218,Nemuro,JP,43.3236,145.575,23.86,58,34,18.03,scattered clouds
219,Pechenga,RU,69.5259,31.1703,-6.74,100,96,6.29,overcast clouds
220,Bengkulu,ID,-3.8004,102.2655,76.87,89,100,4.25,moderate rain
221,Trabzon,TR,40.9167,39.8333,46.49,58,0,1.14,clear sky
222,Spearfish,US,44.4908,-103.8594,18.3,72,1,1.99,clear sky
223,Cockburn Town,TC,21.4612,-71.1419,78.24,74,65,14.7,broken clouds
224,Jinxiang,CN,27.4327,120.6062,47.7,81,100,5.1,overcast clouds
225,Contamana,PE,-7.3333,-75.0167,92.64,49,98,3.94,overcast clouds
226,Palmares Do Sul,BR,-30.2578,-50.5097,83.73,46,3,9.8,clear sky
227,Presidente Epitacio,BR,-21.7633,-52.1156,98.96,27,100,8.08,overcast clouds
228,Khatanga,RU,71.9667,102.5,-16.83,93,8,6.76,clear sky
229,Sitka,US,57.0531,-135.33,33.69,80,20,3.44,few clouds
230,Okhotsk,RU,59.3833,143.3,-13.45,76,63,16.62,broken clouds
231,Andenes,NO,69.3143,16.1194,22.98,74,0,13.8,clear sky
232,Witbank,ZA,-25.8713,29.2332,74.37,31,7,11.97,clear sky
233,Jamestown,US,42.097,-79.2353,38.52,64,90,5.01,overcast clouds
234,Chake Chake,TZ,-5.2459,39.7666,79.72,78,79,8.61,broken clouds
235,Constitucion,CL,-35.3333,-72.4167,68.92,70,92,6.71,overcast clouds
236,Palomares,MX,17.15,-95.0667,78.35,66,15,16.93,few clouds
237,Boddam,GB,57.4667,-1.7833,41.38,89,100,10.47,overcast clouds
238,Port Alfred,ZA,-33.5906,26.891,69.28,76,2,22.64,clear sky
239,Roald,NO,62.5833,6.1333,36.34,69,75,13.8,broken clouds
240,Meulaboh,ID,4.1363,96.1285,77.83,84,81,1.3,broken clouds
241,San Quintin,MX,30.4833,-115.95,56.48,79,100,11.01,overcast clouds
242,Makakilo City,US,21.3469,-158.0858,73.0,74,1,3.44,clear sky
243,Fairbanks,US,64.8378,-147.7164,18.61,88,90,0.0,light snow
244,Yulara,AU,-25.2406,130.9889,78.64,14,17,8.05,few clouds
245,Nanortalik,GL,60.1432,-45.2371,24.78,65,3,5.08,clear sky
246,Praya,CV,14.9215,-23.5087,82.94,51,0,11.5,clear sky
247,Alyangula,AU,-13.8483,136.4192,78.67,100,40,5.75,light rain
248,Celina,US,40.5489,-84.5702,42.55,81,100,8.79,overcast clouds
249,Maraba,BR,-5.3686,-49.1178,84.38,79,90,4.61,overcast clouds
250,Ust-Tsilma,RU,65.441,52.1498,1.8,96,100,5.3,overcast clouds
251,Zheleznodorozhnyy,RU,55.7503,38.0042,18.12,100,73,2.77,broken clouds
252,Bumba,CD,2.1833,22.4667,78.53,71,98,5.3,overcast clouds
253,Porto Novo,BJ,6.4965,2.6036,87.62,60,76,11.7,broken clouds
254,Hlatikulu,SZ,-26.9667,31.3167,71.98,59,25,7.47,scattered clouds
255,Smithers,CA,54.7804,-127.1743,-9.08,77,90,0.0,overcast clouds
256,Garowe,SO,8.4054,48.4845,77.68,40,17,16.49,few clouds
257,Cabo San Lucas,MX,22.8909,-109.9124,75.51,63,1,11.5,clear sky
258,Ixtapa,MX,20.7,-105.2,75.22,78,18,1.01,few clouds
259,Shestakovo,RU,56.4915,103.96,-20.67,100,47,2.39,scattered clouds
260,Asau,RO,46.4333,26.4,25.95,93,93,0.47,overcast clouds
261,Kailua,US,21.4022,-157.7394,74.48,75,40,11.5,scattered clouds
262,Nara,JP,34.6851,135.8049,38.97,68,75,1.66,broken clouds
263,Chunskiy,RU,56.0815,99.6342,-2.45,99,98,1.88,overcast clouds
264,Sakaiminato,JP,35.55,133.2333,37.38,87,75,6.91,broken clouds
265,Viedma,AR,-40.8135,-62.9967,90.97,20,0,16.67,clear sky
266,Pisco,PE,-13.7,-76.2167,70.02,88,75,9.22,broken clouds
267,Sungurlu,TR,40.1675,34.3739,36.81,84,100,2.64,overcast clouds
268,Paamiut,GL,61.994,-49.6678,15.53,67,0,5.93,clear sky
269,Eydhafushi,MV,5.1033,73.0708,81.82,71,80,16.78,broken clouds
270,Bethel,US,41.3712,-73.414,44.55,85,20,1.01,few clouds
271,Biak,ID,-0.9131,122.8766,76.96,80,100,7.29,light rain
272,Jesenik,CZ,50.2294,17.2046,33.98,99,99,20.0,overcast clouds
273,Florianopolis,BR,-27.6146,-48.5012,90.25,65,0,1.99,clear sky
274,Gamba,GA,-2.65,10.0,77.2,82,99,6.62,light rain
275,Livingston,GB,55.9029,-3.5226,44.85,93,40,4.61,scattered clouds
276,Coolum Beach,AU,-26.5333,153.1,67.1,88,99,13.53,overcast clouds
277,Batagay-Alyta,RU,67.8006,130.4114,-24.0,95,79,5.26,broken clouds
278,Riyadh,SA,24.6877,46.7219,66.34,33,66,10.33,broken clouds
279,Kholbon,RU,51.8833,116.25,-13.7,98,19,3.44,few clouds
280,Naze,JP,28.3667,129.4833,57.11,73,100,5.61,overcast clouds
281,Sept-Iles,CA,50.2001,-66.3821,27.12,86,90,5.75,light snow
282,Faya,SA,18.3851,42.4509,59.11,67,6,6.4,clear sky
283,Uyuni,BO,-20.4597,-66.825,57.88,49,86,5.57,overcast clouds
284,Upernavik,GL,72.7868,-56.1549,-5.17,68,36,3.71,scattered clouds
285,Hobart,AU,-42.8794,147.3294,53.06,86,46,4.61,scattered clouds
286,Owase,JP,34.0667,136.2,39.65,75,49,4.61,scattered clouds
287,Batagay,RU,67.6333,134.6333,-45.06,99,100,2.55,overcast clouds
288,Kuching,MY,1.55,110.3333,79.02,89,20,1.14,few clouds
289,Kanashevo,RU,55.2169,62.0634,5.56,93,74,6.76,broken clouds
290,Dubti,ET,11.7361,41.0853,86.18,30,0,10.67,clear sky
291,Dakar,SN,14.6937,-17.4441,97.68,48,0,6.91,clear sky
292,Sangmelima,CM,2.9333,11.9833,83.32,49,100,3.31,overcast clouds
293,Mercedes,AR,-34.6515,-59.4307,100.18,11,4,13.35,clear sky
294,Barauna,BR,-5.08,-37.6167,95.9,32,49,11.05,scattered clouds
295,Granada,ES,37.25,-3.25,56.86,48,12,4.23,few clouds
296,Salalah,OM,17.0151,54.0924,72.18,76,0,2.62,clear sky
297,Taltal,CL,-25.4,-70.4833,70.74,69,1,8.43,clear sky
298,Jasper,US,37.2001,-94.3502,53.53,93,90,6.91,light rain
299,Rocha,UY,-34.4833,-54.3333,92.21,16,37,10.51,scattered clouds
300,Sindi,IN,20.8,78.8667,65.28,54,87,7.58,overcast clouds
301,Miles City,US,46.4083,-105.8406,-4.49,83,20,8.05,few clouds
302,Doka,SD,13.5167,35.7667,84.45,36,65,14.65,broken clouds
303,Tautira,PF,-17.7333,-149.15,77.02,77,92,6.29,moderate rain
304,Leningradskiy,RU,69.3833,178.4167,-26.52,98,90,1.92,overcast clouds
305,Camabatela,AO,-8.1881,15.375,67.03,83,100,0.25,overcast clouds
306,Sam Roi Yot,TH,12.2708,99.872,75.88,78,17,5.61,few clouds
307,Brazzaville,CG,-4.2658,15.2832,89.96,55,40,9.22,light rain
308,Kaeo,NZ,-35.1,173.7833,66.33,95,100,3.85,overcast clouds
309,Porto Torres,IT,40.835,8.3972,60.98,84,80,13.65,broken clouds
310,Springbok,ZA,-29.6643,17.8865,68.7,45,5,18.1,clear sky
311,Nizhniy Tsasuchey,RU,50.5167,115.1333,-2.27,91,10,7.4,clear sky
312,Srandakan,ID,-7.9386,110.2506,63.73,83,53,1.54,moderate rain
313,Kotido,UG,2.9806,34.1331,79.88,36,96,12.75,overcast clouds
314,Zhuhai,CN,22.2769,113.5678,64.98,72,20,12.66,few clouds
315,Pag,HR,44.445,15.0575,54.18,79,97,6.67,overcast clouds
316,Havoysund,NO,70.9963,24.6622,22.08,83,50,11.23,scattered clouds
317,Karpogory,RU,64.0019,44.4451,0.14,98,100,2.57,overcast clouds
318,Vardo,NO,70.3705,31.1107,14.2,73,0,14.97,clear sky
319,Filingue,NE,14.3521,3.3168,85.8,9,99,8.93,overcast clouds
320,Komsomolskiy,UZ,40.4272,71.7189,31.42,80,0,4.61,mist
321,Katima Mulilo,NA,-17.5,24.2667,90.7,31,52,5.66,broken clouds
322,Basco,PH,20.4487,121.9702,73.53,71,71,20.87,broken clouds
323,Macomb,US,40.4592,-90.6718,36.16,96,90,11.01,snow
324,Krasnoselkup,RU,65.7,82.4667,7.27,95,100,11.72,overcast clouds
325,Houma,US,29.5958,-90.7195,79.0,84,59,11.01,broken clouds
326,Churapcha,RU,62.0025,132.4325,-57.42,100,75,1.25,broken clouds
327,Morrope,PE,-6.5417,-80.0111,77.11,58,100,12.53,overcast clouds
328,Xiaoshi,CN,41.2971,124.1209,23.02,95,87,4.54,overcast clouds
329,Nantucket,US,41.2835,-70.0995,44.96,91,100,15.32,overcast clouds
330,Mandera,KE,3.9366,41.867,91.35,18,85,9.6,overcast clouds
331,Poum,NC,-20.2333,164.0167,80.98,77,96,3.13,overcast clouds
332,Urumqi,CN,43.801,87.6005,5.95,85,7,0.0,mist
333,Mahajanga,MG,-15.7167,46.3167,78.82,83,75,4.61,broken clouds
334,Erdenet,MN,49.0333,104.0833,4.8,68,100,3.69,overcast clouds
335,Caucaia,BR,-3.7361,-38.6531,89.55,75,75,16.11,broken clouds
336,Moerai,PF,-22.4333,-151.3333,76.19,70,95,10.04,overcast clouds
337,Camalu,MX,30.85,-116.0667,51.42,78,97,4.32,overcast clouds
338,Cascais,PT,38.6979,-9.4215,66.51,87,75,8.01,broken clouds
339,Burnie,AU,-41.0667,145.9167,57.92,90,17,2.15,few clouds
340,Lompoc,US,34.6391,-120.4579,48.42,88,75,0.0,broken clouds
341,Domoni,KM,-12.2569,44.5319,82.8,78,100,3.65,overcast clouds
342,Takoradi,GH,4.8845,-1.7554,85.01,64,100,9.46,overcast clouds
343,Katangli,RU,51.7102,143.2326,-17.82,95,95,10.09,overcast clouds
344,Bulawayo,ZW,-20.15,28.5833,79.32,49,67,11.34,broken clouds
345,Karlovac,HR,45.4872,15.5478,39.74,91,98,0.83,overcast clouds
346,Coquimbo,CL,-29.9533,-71.3436,64.13,82,90,9.22,overcast clouds
347,Vila Franca Do Campo,PT,37.7167,-25.4333,70.2,89,97,30.67,overcast clouds
348,Puerto Escondido,MX,15.85,-97.0667,82.17,59,0,2.44,clear sky
349,Varnamo,SE,57.186,14.04,32.76,96,100,5.99,overcast clouds
350,Lasa,IT,46.6166,10.7002,43.54,95,100,1.3,overcast clouds
351,Bandarbeyla,SO,9.4942,50.8122,77.18,64,20,15.59,few clouds
352,Djibo,BF,14.1022,-1.6306,85.82,9,75,13.29,broken clouds
353,Shimanovsk,RU,52.0,127.7,-17.21,90,81,4.76,broken clouds
354,Montrose,US,38.4166,-108.2673,19.74,84,100,14.99,light snow
355,Shiyan,CN,32.6475,110.7781,40.03,63,73,5.14,broken clouds
356,Salinopolis,BR,-0.6136,-47.3561,84.7,67,89,10.4,overcast clouds
357,Guerrero Negro,MX,27.9769,-114.0611,59.09,59,88,15.23,overcast clouds
358,Pangoa,PE,-12.1167,-73.0,88.07,47,100,3.58,overcast clouds
359,Santa Cruz Cabralia,BR,-16.2781,-39.0247,79.03,94,40,5.75,light rain
360,Machinga,MW,-15.1685,35.3,83.52,42,96,5.26,overcast clouds
361,Sandwick,GB,60.0,-1.25,44.42,81,20,10.36,few clouds
362,Fortuna,US,40.5982,-124.1573,40.66,95,90,5.99,overcast clouds
363,Iseyin,NG,7.9667,3.6,94.57,14,55,5.39,broken clouds
364,Magaria,NE,12.9983,8.9099,82.65,11,0,10.67,clear sky
365,Saint-Augustin,CA,51.226,-58.6502,27.1,81,18,11.32,few clouds
366,Saint-Joseph,RE,-21.3667,55.6167,77.38,82,93,14.99,light rain
367,Ambovombe,MG,-25.1667,46.0833,76.41,83,100,10.18,light rain
368,Saint George,US,37.1041,-113.5841,42.94,66,90,7.0,overcast clouds
369,Monforte De Lemos,ES,42.5216,-7.5142,62.69,72,35,8.37,scattered clouds
370,Wenling,CN,28.3669,121.36,43.68,83,100,5.37,overcast clouds
371,Tutoia,BR,-2.7619,-42.2744,93.18,65,100,9.44,overcast clouds
372,Byron Bay,AU,-28.65,153.6167,64.51,80,99,11.9,overcast clouds
373,Aquin,HT,18.2833,-73.4,82.11,60,50,2.73,scattered clouds
374,Narsaq,GL,60.9167,-46.05,14.83,55,1,6.4,clear sky
375,Oranjestad,AW,12.524,-70.027,84.9,68,20,5.99,few clouds
376,Kovur,IN,14.4833,79.9833,73.22,77,1,5.35,clear sky
377,Mar Del Plata,AR,-38.0023,-57.5575,86.02,86,0,11.99,clear sky
378,Ignacio Zaragoza,MX,28.3833,-107.2167,47.75,63,18,24.05,few clouds
379,Clarksburg,US,39.2807,-80.3445,51.91,74,87,3.56,overcast clouds
380,San Cristobal,VE,7.7669,-72.225,71.78,54,100,4.41,overcast clouds
381,Aklavik,CA,68.2191,-135.0107,-12.28,100,94,0.78,overcast clouds
382,Lafia,NG,8.4833,8.5167,95.5,12,88,7.31,overcast clouds
383,Alice,US,27.7523,-98.0697,76.57,78,75,17.27,broken clouds
384,Verkhneuralsk,RU,53.8769,59.2106,-2.0,98,6,4.03,clear sky
385,Plovdiv,BG,42.15,24.75,52.11,87,90,5.75,overcast clouds
386,Jarocin,PL,51.9727,17.5026,32.76,88,100,13.11,overcast clouds
387,Srednekolymsk,RU,67.45,153.6833,-41.66,100,100,3.13,overcast clouds
388,Funchal,PT,32.6333,-16.9,71.01,86,75,12.66,broken clouds
389,Padang,ID,-0.9492,100.3543,78.85,86,100,3.74,light rain
390,Buchanan,LR,5.8808,-10.0467,91.36,67,98,8.34,overcast clouds
391,Strezhevoy,RU,60.7333,77.5889,1.38,100,93,5.68,overcast clouds
392,Jiuquan,CN,39.7432,98.5174,13.28,72,5,4.29,clear sky
393,Katsuura,JP,35.1333,140.3,39.31,47,46,6.11,scattered clouds
394,Talaya,RU,61.3833,152.75,-19.93,93,100,10.47,overcast clouds
395,Mvomero,TZ,-6.25,38.6667,85.75,79,75,4.83,broken clouds
396,Luganville,VU,-15.5333,167.1667,80.11,85,98,1.52,overcast clouds
397,Yumen,CN,40.2833,97.2,16.66,47,0,9.19,clear sky
398,Maraa,BR,-1.8333,-65.3667,90.34,55,79,6.26,moderate rain
399,Brae,GB,60.3964,-1.353,44.51,87,80,12.73,broken clouds
400,Rio Gallegos,AR,-51.6226,-69.2181,62.65,27,75,6.91,broken clouds
401,Alihe,CN,50.5667,123.7167,-11.87,93,7,3.42,clear sky
402,Geraldton,AU,-28.7667,114.6,79.21,50,7,10.36,clear sky
403,Nuuk,GL,64.1835,-51.7216,8.2,77,20,6.98,few clouds
404,Hirara,JP,24.8,125.2833,69.1,66,99,13.73,overcast clouds
405,Venezuela,VE,8.0,-66.0,87.01,50,83,15.35,broken clouds
406,Ketchikan,US,55.3422,-131.6461,26.58,93,90,0.0,mist
407,Yerbogachen,RU,61.2767,108.0108,-9.58,98,100,5.21,overcast clouds
408,La Ronge,CA,55.1001,-105.2842,-16.35,69,75,3.44,light snow
409,Praia,CV,14.9215,-23.5087,82.94,51,0,11.5,clear sky
410,San Carlos De Bariloche,AR,-41.1456,-71.3082,71.35,26,0,9.22,clear sky
411,Ruthin,GB,53.1137,-3.3178,49.08,97,100,1.99,overcast clouds
412,Gdov,RU,58.7406,27.8122,19.17,85,100,9.93,overcast clouds
413,Maningrida,AU,-12.0667,134.2667,76.06,83,100,16.13,overcast clouds
414,Ahuimanu,US,21.4447,-157.8378,74.19,76,40,5.99,scattered clouds
415,Kaitong,CN,44.8135,123.15,-2.79,91,79,7.49,broken clouds
416,Kloulklubed,PW,7.0419,134.2556,81.1,80,100,17.54,overcast clouds
417,Reconquista,AR,-29.15,-59.65,100.85,13,74,8.05,broken clouds
418,Lashio,MM,22.9333,97.75,52.93,81,3,1.97,clear sky
419,Praia Da Vitoria,PT,38.7333,-27.0667,67.75,94,75,41.74,broken clouds
420,Iguape,BR,-24.7081,-47.5553,76.68,81,66,3.83,light rain
421,Gueret,FR,46.1667,1.8667,50.63,96,100,10.51,light rain
422,Phalombe,MW,-15.8064,35.6507,80.69,55,82,5.84,broken clouds
423,San Borja,BO,-14.8167,-66.85,94.6,43,100,2.3,overcast clouds
424,Shingu,JP,33.7333,135.9833,37.9,79,37,5.99,scattered clouds
425,Carroll,US,39.5501,-77.0164,50.16,74,1,4.61,clear sky
426,Kargasok,RU,59.0556,80.8572,8.89,96,92,7.58,overcast clouds
427,Havre-Saint-Pierre,CA,50.2334,-63.5986,30.79,80,90,9.22,overcast clouds
428,Dingle,PH,10.9995,122.6711,74.28,90,99,12.5,overcast clouds
429,Pueblo Bello,CO,8.2041,-76.526,79.3,84,100,2.73,overcast clouds
430,Kemi,FI,65.8596,24.8228,24.57,100,90,12.66,light shower snow
431,Vao,NC,-22.6667,167.4833,77.81,84,74,8.86,broken clouds
432,Tura,IN,25.5198,90.2201,58.44,66,93,3.89,overcast clouds
433,Tsarychanka,UA,48.937,34.4786,23.61,95,100,19.53,snow
434,Russell,US,32.3502,-85.1999,70.05,87,90,9.22,overcast clouds
435,Richards Bay,ZA,-28.783,32.0377,74.08,79,3,12.03,clear sky
436,Sinnamary,GF,5.3833,-52.95,81.68,77,60,9.33,broken clouds
437,Nova Vodolaha,UA,49.7185,35.8708,19.92,94,100,23.73,light snow
438,Garut,ID,-7.2024,107.8878,71.51,94,100,0.36,overcast clouds
439,Kavaratti,IN,10.5669,72.642,80.47,75,7,9.91,clear sky
440,Santa Cruz,BO,-17.8,-63.1667,94.46,46,20,5.75,few clouds
441,Mezen,RU,65.8522,44.24,-16.2,99,34,3.89,scattered clouds
442,Malanville,BJ,11.8685,3.3899,91.49,11,9,11.23,clear sky
443,Tigil,RU,57.8,158.6667,8.19,95,100,8.97,light snow
444,Arlit,NE,18.7369,7.3853,79.32,10,0,5.14,clear sky
445,Klaksvik,FO,62.2266,-6.589,41.92,76,65,7.52,broken clouds
446,De-Kastri,RU,51.4667,140.7833,-18.8,97,10,6.11,clear sky
447,Lahad Datu,MY,5.0268,118.327,73.96,95,100,4.94,overcast clouds
448,Gushikawa,JP,26.3544,127.8686,58.23,72,65,6.13,broken clouds
449,Lima,PE,-12.0432,-77.0282,71.13,78,90,9.22,overcast clouds
450,Lang Suan,TH,9.9456,99.0785,76.23,89,63,6.29,broken clouds
451,Sampit,ID,-2.5333,112.95,75.49,95,100,1.05,overcast clouds
452,Rock Springs,US,41.5875,-109.2029,10.24,68,98,4.0,overcast clouds
453,Nea Mesimvria,GR,40.7514,22.7625,55.4,87,100,1.99,overcast clouds
454,Bonthe,SL,7.5264,-12.505,86.25,59,97,11.97,overcast clouds
455,Mabaruma,GY,8.2,-59.7833,78.55,93,70,5.7,broken clouds
456,Mehamn,NO,71.0357,27.8492,12.11,79,68,6.26,broken clouds
457,Karratha,AU,-20.7377,116.8463,88.09,55,68,14.65,light rain
458,Bathsheba,BB,13.2167,-59.5167,84.81,61,75,19.57,broken clouds
459,Bongandanga,CD,1.5,21.05,76.44,89,82,2.33,light rain
460,Port Hardy,CA,50.6996,-127.4199,28.4,86,75,5.75,broken clouds
461,Maues,BR,-3.3836,-57.7186,85.68,74,90,3.2,overcast clouds
462,Mani,CO,4.8172,-72.2886,93.36,37,100,13.96,overcast clouds
463,Namatanai,PG,-3.6667,152.4333,79.79,82,68,3.29,broken clouds
464,Bilibino,RU,68.0546,166.4372,-20.74,91,100,7.34,overcast clouds
465,Huaihua,CN,27.5494,109.9592,36.55,89,100,0.2,overcast clouds
466,Bowling Green,US,36.9903,-86.4436,68.11,82,100,16.24,overcast clouds
467,Pervomayskiy,RU,53.2485,40.2871,-0.26,99,88,3.83,overcast clouds
468,Yar-Sale,RU,66.8333,70.8333,-12.17,100,59,7.31,broken clouds
469,Bambanglipuro,ID,-7.95,110.2833,63.61,84,56,1.57,moderate rain
470,Yerofey Pavlovich,RU,53.9667,121.9667,-17.52,95,100,3.42,overcast clouds
471,Motygino,RU,58.1831,94.7592,-0.44,98,100,3.11,light snow
472,Yuzhno-Kurilsk,RU,44.0306,145.8556,24.89,62,63,14.79,broken clouds
473,Mogadishu,SO,2.0371,45.3438,78.58,76,100,22.64,overcast clouds
474,Kavieng,PG,-2.5744,150.7967,82.08,75,57,5.3,broken clouds
475,Dondo,MZ,-19.6094,34.7431,85.51,69,40,9.69,scattered clouds
476,Marbella,ES,36.5154,-4.8858,69.26,27,32,2.77,scattered clouds
477,Corvallis,US,44.5646,-123.262,34.63,90,100,2.84,snow
478,Pontian Kecil,MY,1.4801,103.3899,80.73,90,88,7.43,overcast clouds
479,Sinazongwe,ZM,-17.2614,27.4618,89.1,53,27,3.78,scattered clouds
480,Abu Dhabi,AE,24.4667,54.3667,73.51,59,0,6.91,clear sky
481,Loubomo,CG,-4.1997,12.6739,77.29,86,100,2.73,overcast clouds
482,Mingguang,CN,32.7802,117.9638,36.66,32,22,7.45,few clouds
483,Buraydah,SA,26.326,43.975,55.85,57,100,10.36,overcast clouds
484,Belaya Gora,RU,68.5333,146.4167,-43.19,100,100,2.48,overcast clouds
485,Rio Grande,BR,-32.035,-52.0986,82.51,50,0,10.47,clear sky
486,Kasongo-Lunda,CD,-6.4667,16.8167,77.83,77,98,1.68,overcast clouds
487,Lewistown,US,40.5992,-77.5714,47.84,81,1,4.61,clear sky
488,Odienne,CI,9.51,-7.5692,90.82,13,100,4.85,overcast clouds
489,Douglas,US,41.3,-96.167,39.02,66,90,0.0,overcast clouds
490,Luderitz,NA,-26.6481,15.1594,69.94,63,28,17.94,scattered clouds
491,Chernyshevskiy,RU,63.0128,112.4714,-15.95,99,100,3.13,overcast clouds
492,Puertollano,ES,38.6871,-4.1073,57.07,74,9,9.53,clear sky
493,Doembang Nangbuat,TH,14.8333,100.1,76.57,57,22,7.65,few clouds
494,Berdigestyakh,RU,62.0989,126.6992,-48.73,100,64,0.96,broken clouds
495,Korla,CN,41.7597,86.1469,18.55,71,56,1.54,broken clouds
496,Marsa Matruh,EG,31.3525,27.2453,66.4,32,40,6.91,scattered clouds
497,Kumphawapi,TH,17.1087,103.0149,69.01,66,20,5.26,few clouds
498,Pochutla,MX,15.7432,-96.4661,82.81,45,0,4.43,clear sky
499,Chaykovskiy,RU,56.7686,54.1148,1.81,97,82,6.29,broken clouds
500,Tilichiki,RU,60.4667,166.1,-3.33,95,100,12.21,overcast clouds
501,Griffith,US,41.5284,-87.4237,37.89,80,90,1.99,overcast clouds
502,Coxim,BR,-18.5067,-54.76,91.62,49,6,4.07,clear sky
503,Tual,ID,-5.6667,132.75,83.26,75,100,25.32,moderate rain
504,Maragogipe,BR,-12.7778,-38.9194,86.05,76,83,7.85,broken clouds
505,Ponta Delgada,PT,37.7333,-25.6667,70.5,88,40,27.63,scattered clouds
506,Belmonte,BR,-15.8631,-38.8828,79.3,80,99,4.16,moderate rain
507,Teguldet,RU,57.3064,88.1667,17.65,90,100,7.92,overcast clouds
508,Uyemskiy,RU,64.4743,40.8524,8.65,84,90,6.71,light shower snow
509,Sawakin,SD,19.1059,37.3321,74.23,77,100,16.26,light rain
510,Buta,CD,2.7858,24.73,76.08,83,94,1.21,light rain
511,Bahar,IR,34.9072,48.4414,37.31,39,53,2.55,broken clouds
512,Roma,US,43.2128,-75.4557,41.13,80,68,1.99,broken clouds
513,Hasaki,JP,35.7333,140.8333,30.6,39,5,1.7,clear sky
514,Abashiri,JP,44.0213,144.2697,18.95,86,27,8.88,scattered clouds
515,Tucuman,AR,-26.8241,-65.2226,75.29,73,99,5.73,overcast clouds
516,Wanxian,CN,30.8039,108.3897,47.39,67,99,1.83,overcast clouds
517,Lamar,US,33.6668,-95.5836,71.37,78,100,14.16,overcast clouds
518,Pangnirtung,CA,66.1451,-65.7125,0.3,64,100,4.63,overcast clouds
519,Aasiaat,GL,68.7098,-52.8699,-1.12,99,88,4.27,overcast clouds
520,Tres Arroyos,AR,-38.3739,-60.2798,89.96,18,0,16.69,clear sky
521,Paita,PE,-5.0892,-81.1144,72.79,72,100,8.79,overcast clouds
522,Atlantic City,US,39.3643,-74.4229,44.98,71,73,9.75,broken clouds
523,Sembakung,ID,3.8167,117.25,78.73,96,100,1.03,overcast clouds
524,Sobolevo,RU,54.4299,31.8996,5.99,98,78,4.09,broken clouds
525,Mount Isa,AU,-20.7333,139.5,76.77,69,100,5.75,overcast clouds
526,Parati,BR,-23.2178,-44.7131,86.56,59,8,4.81,clear sky
527,Selikhino,RU,50.3672,137.4996,-17.34,100,100,1.23,overcast clouds
528,Matara,LK,5.9485,80.5353,75.56,82,18,4.63,few clouds
529,Jumla,NP,29.2747,82.1838,33.76,93,100,0.49,light rain
530,Matam,SN,15.6175,-13.3303,94.96,6,6,11.52,clear sky
531,Sarakhs,IR,36.5449,61.1577,47.68,27,89,8.39,overcast clouds
532,Bubaque,GW,11.2833,-15.8333,80.74,67,30,12.33,scattered clouds
533,Ouegoa,NC,-20.35,164.4333,80.46,81,86,3.31,overcast clouds
534,Yatou,CN,37.15,122.3833,31.26,54,95,8.12,overcast clouds
535,Warrington,GB,53.3925,-2.5802,48.61,92,75,3.0,broken clouds
536,Anloga,GH,5.7947,0.8973,84.47,69,71,14.05,broken clouds
537,Dongsheng,CN,39.8161,109.9776,11.12,38,11,16.71,few clouds
538,Cervo,ES,43.6702,-7.4101,64.2,71,86,16.55,overcast clouds
539,Bullhead City,US,35.1478,-114.5683,50.61,70,84,2.75,broken clouds
540,Martinsicuro,IT,42.8811,13.9145,53.87,83,56,2.21,broken clouds
541,Kouroussa,GN,10.65,-9.8833,94.26,11,21,5.23,few clouds
542,Vizinga,RU,61.0749,50.1031,6.19,92,100,8.86,overcast clouds
543,Yablonovo,RU,50.8523,37.3574,17.46,87,100,13.51,overcast clouds
544,Diamantino,BR,-14.4086,-56.4461,84.52,70,78,7.83,broken clouds
545,Cap Malheureux,MU,-19.9842,57.6142,79.47,79,100,5.99,light rain
546,Aktau,KZ,43.65,51.2,30.78,59,65,10.25,broken clouds
547,Onega,RU,63.9061,38.1404,3.16,99,98,4.85,overcast clouds
548,Provideniya,RU,64.3833,-173.3,3.4,95,100,24.81,snow
549,Bam,IR,29.106,58.357,52.02,26,40,5.3,scattered clouds
550,Mbuguni,TZ,-3.5667,36.95,74.62,66,79,7.0,light rain
551,Lavrentiya,RU,65.5833,-171.0,0.39,90,100,16.82,overcast clouds
552,Xanxere,BR,-26.8769,-52.4042,90.86,19,2,6.49,clear sky
553,Obzor,BG,42.8167,27.8833,44.82,88,100,8.97,overcast clouds
554,Petropavlovsk-Kamchatskiy,RU,53.0452,158.6483,16.39,78,100,10.09,overcast clouds
555,High Level,CA,58.5169,-117.136,-9.89,92,100,8.23,overcast clouds
556,Varberg,SE,57.1056,12.2508,34.23,94,100,16.2,light snow
557,Baruun-Urt,MN,46.6806,113.2792,-2.13,88,12,4.45,few clouds
558,Buarcos,PT,40.166,-8.8768,69.24,97,33,10.2,scattered clouds
559,Saint-Ambroise,CA,48.5501,-71.3324,3.69,80,100,1.81,overcast clouds
560,Oranjemund,NA,-28.55,16.4333,68.83,67,41,15.08,scattered clouds
561,Soyo,AO,-6.1349,12.3689,77.9,83,100,7.54,overcast clouds
562,Emerald,AU,-23.5333,148.1667,71.35,75,100,13.38,overcast clouds
563,Paris,FR,48.8534,2.3488,53.78,76,75,8.99,broken clouds
564,Muscat,OM,23.6139,58.5922,73.69,59,13,3.18,few clouds
565,Muyinga,BI,-2.8333,30.3333,62.78,91,100,3.2,moderate rain
566,Hoopstad,ZA,-27.8327,25.9083,78.84,30,57,9.26,broken clouds
567,Salamiyah,SY,35.0113,37.0532,47.98,58,100,6.6,overcast clouds
568,Abu Samrah,SY,35.3029,37.1841,46.96,63,100,7.78,overcast clouds
569,Hobyo,SO,5.3505,48.5268,78.55,66,76,14.85,broken clouds
570,Abu Kamal,SY,34.4506,40.9171,53.1,40,100,5.88,overcast clouds
571,Beberibe,BR,-4.1797,-38.1306,87.84,58,38,14.38,scattered clouds
572,Ruteng,ID,-8.6136,120.4721,62.58,90,73,1.66,broken clouds
573,Kharan,PK,28.5833,65.4167,53.8,22,0,7.07,clear sky
574,Timizart,DZ,36.8,4.2667,59.45,80,4,5.99,clear sky
575,Alto Araguaia,BR,-17.3147,-53.2153,84.02,59,14,7.63,few clouds
576,Tiznit,MA,29.5833,-9.5,73.4,32,1,5.46,clear sky
577,Kamenka,RU,51.3223,42.7678,0.75,97,96,5.61,overcast clouds
578,Seoul,KR,37.5683,126.9778,26.04,86,68,2.93,broken clouds
579,Portland,US,45.5234,-122.6762,33.48,94,90,6.91,snow
580,Saint-Francois,FR,46.4154,3.9054,52.68,78,90,10.36,overcast clouds
581,Broome,US,42.2506,-75.833,43.09,74,35,4.0,scattered clouds
582,Netphen,DE,50.9167,8.1,47.28,86,100,3.0,overcast clouds
583,San Jose,US,37.3394,-121.895,44.53,89,90,3.44,overcast clouds
584,Bada,RU,51.392,109.8717,-2.92,98,97,5.03,overcast clouds
585,Sengiley,RU,53.9622,48.7944,0.36,97,10,5.19,clear sky
586,Vestmanna,FO,62.1564,-7.1664,40.12,93,90,11.5,overcast clouds
587,Nokaneng,BW,-19.6667,22.2667,96.98,14,11,4.09,few clouds
588,Pevek,RU,69.7008,170.3133,-33.99,99,95,3.6,overcast clouds
589,Makinsk,KZ,52.6292,70.4169,19.04,95,98,11.12,overcast clouds
590,Bima,ID,-8.4667,118.7167,77.0,92,95,1.92,overcast clouds
591,Trairi,BR,-3.2778,-39.2689,89.28,55,47,15.37,scattered clouds
592,Najran,SA,17.4924,44.1277,66.67,35,2,4.38,clear sky
593,Gigmoto,PH,13.7796,124.39,77.27,80,96,15.77,overcast clouds
594,Wewak,PG,-3.5534,143.6268,79.02,86,95,3.65,overcast clouds
595,Wau,SS,7.7029,27.9953,90.46,25,39,4.83,scattered clouds
596,Luwuk,ID,-0.9516,122.7875,78.58,79,100,5.86,overcast clouds
597,Zalesovo,RU,53.9939,84.7431,20.35,87,100,9.1,overcast clouds
598,Batticaloa,LK,7.7102,81.6924,78.42,76,11,10.29,few clouds
599,Watertown,US,42.3709,-71.1828,41.92,93,75,3.0,mist
600,Flinders,AU,-34.5833,150.8552,61.81,82,36,1.99,light rain
601,Dhidhdhoo,MV,6.8833,73.1,81.14,66,73,10.71,broken clouds
602,Quatre Cocos,MU,-20.2078,57.7625,79.09,79,100,13.85,light rain
603,Starodub,RU,52.5844,32.7633,14.9,91,100,9.33,overcast clouds
604,Totness,SR,5.8833,-56.3167,83.68,69,63,9.71,broken clouds
605,Morwell,AU,-38.2333,146.4,52.39,88,16,2.59,few clouds
606,Kieta,PG,-6.2167,155.6333,79.39,84,100,1.61,light rain
607,Amahai,ID,-3.3333,128.9167,76.86,85,100,8.39,overcast clouds
608,Raudeberg,NO,61.9875,5.1352,36.86,77,61,4.0,broken clouds
609,Nelson Bay,AU,-32.7167,152.15,64.0,93,73,8.46,broken clouds
610,Port Lincoln,AU,-34.7333,135.8667,59.5,83,0,14.72,clear sky
611,Twentynine Palms,US,34.1356,-116.0542,45.34,70,20,1.99,few clouds
612,Kondinskoye,RU,59.6481,67.41,-7.76,100,40,6.46,scattered clouds
613,Log,RU,49.4844,43.8613,14.68,89,100,10.69,overcast clouds
614,Vilhena,BR,-12.7406,-60.1458,79.09,82,100,2.53,overcast clouds
615,Prince Rupert,CA,54.3161,-130.3201,20.62,84,100,4.12,overcast clouds
616,Veinticinco De Mayo,AR,-35.4323,-60.1727,100.06,13,0,4.74,clear sky
617,Fort Atkinson,US,42.9289,-88.8371,30.25,74,100,5.01,light snow
618,Kasempa,ZM,-13.4584,25.8338,66.76,87,81,3.4,light rain
619,Defiance,US,41.3334,-84.45,39.42,75,90,3.44,overcast clouds
620,Schwanewede,DE,53.2333,8.6,46.18,98,98,1.01,overcast clouds
621,Odweyne,SO,9.4092,45.064,72.19,56,99,12.82,overcast clouds
622,Pestravka,RU,52.405,49.9583,-8.93,100,38,1.99,scattered clouds
623,Luohe,CN,33.5717,114.0353,36.59,39,72,10.11,broken clouds
624,Am Timan,TD,11.0297,20.2827,88.77,17,99,3.36,overcast clouds
625,Mazyr,BY,52.0495,29.2456,17.8,81,99,9.17,overcast clouds
626,Felanitx,ES,39.4696,3.1483,64.92,67,23,11.16,few clouds
627,Atambua,ID,-9.1061,124.8925,75.76,88,100,2.51,overcast clouds
628,Kuytun,RU,54.3419,101.5036,1.62,97,100,0.13,overcast clouds
629,Teya,RU,60.3778,92.6267,5.47,97,100,3.49,light snow
630,Grindavik,IS,63.8424,-22.4338,27.07,74,75,24.16,broken clouds
631,Kenai,US,60.5544,-151.2583,29.93,98,99,2.28,overcast clouds
632,Kutahya,TR,39.4242,29.9833,42.69,81,36,4.05,scattered clouds
633,Shieli,KZ,44.1667,66.75,23.16,81,98,4.21,overcast clouds
634,Chunhuhub,MX,19.55,-88.6833,81.99,63,16,8.23,few clouds
635,Mundo Nuevo,MX,18.7,-95.5,75.72,74,0,14.99,clear sky
636,Booue,GA,-0.0921,11.9385,83.43,76,88,0.85,light rain
637,Lekoni,GA,-1.5843,14.2591,81.54,63,100,4.18,overcast clouds
638,Akyab,MM,20.15,92.9,70.18,64,2,6.55,clear sky
639,Banda Aceh,ID,5.5577,95.3222,78.48,83,73,8.93,broken clouds
640,Krasnyy Yar,RU,46.5331,48.3456,28.33,91,100,12.15,overcast clouds
641,Beloha,MG,-25.1667,45.05,82.35,57,87,4.94,overcast clouds
642,Saint-Pierre,RE,-21.3393,55.4781,78.48,79,0,23.02,clear sky
643,Lorengau,PG,-2.0226,147.2712,81.59,77,43,4.94,scattered clouds
644,Boca Do Acre,BR,-8.7522,-67.3978,83.03,75,100,1.95,overcast clouds
645,Bershet,RU,57.7309,56.3783,4.24,92,96,10.58,overcast clouds
646,Bay Roberts,CA,47.5999,-53.2648,36.34,82,96,8.01,overcast clouds
647,Vila Velha,BR,-20.3297,-40.2925,85.95,69,40,13.0,scattered clouds
648,Ostrovskoye,RU,57.8057,42.2433,-0.83,99,40,4.99,scattered clouds
649,Rivadavia,AR,-33.1905,-68.4608,90.45,27,0,17.72,clear sky
650,Sahuaripa,MX,29.05,-109.2333,62.62,45,82,4.18,broken clouds
651,Mandalgovi,MN,45.7625,106.2708,9.07,42,5,6.93,clear sky
652,Betare Oya,CM,5.6,14.0833,90.07,20,97,4.45,overcast clouds
653,Cancun,MX,21.1743,-86.8466,80.53,69,1,11.5,clear sky
654,Labytnangi,RU,66.6572,66.4183,-10.21,99,100,2.93,overcast clouds
655,Florence,IT,43.7667,11.25,55.65,95,90,8.05,overcast clouds
656,Rapar,IN,23.5667,70.6333,68.54,57,0,4.97,clear sky
657,Noumea,NC,-22.2763,166.4572,81.0,99,95,2.15,overcast clouds
658,Comodoro Rivadavia,AR,-45.8667,-67.5,66.49,50,2,7.27,clear sky
659,Brokopondo,SR,4.75,-55.1667,82.81,69,59,1.7,broken clouds
660,Umm Lajj,SA,25.0213,37.2685,71.98,53,100,5.86,overcast clouds
661,Westport,US,41.1415,-73.3579,46.85,74,1,1.01,clear sky
662,Havelock,US,34.8791,-76.9013,72.99,79,4,5.99,clear sky
663,Okoneshnikovo,RU,54.8377,75.0834,16.18,97,94,7.27,overcast clouds
664,Waipawa,NZ,-41.4122,175.5153,57.45,92,100,9.66,overcast clouds
665,Bend,US,44.0582,-121.3153,22.46,84,20,1.01,few clouds
666,Callaway,US,30.153,-85.5699,74.91,88,75,5.01,broken clouds
667,Gizo,SB,-8.103,156.8419,83.77,75,100,6.49,overcast clouds
668,Opuwo,NA,-18.0607,13.84,90.82,8,38,22.12,scattered clouds
669,Ca Mau,VN,9.1769,105.15,75.97,84,69,7.02,broken clouds
670,Montorio Al Vomano,IT,42.5831,13.6383,55.44,89,60,3.11,broken clouds
671,Juneau,US,58.3019,-134.4197,26.22,100,92,5.35,overcast clouds
672,Muyezerskiy,RU,63.9333,31.65,15.76,94,100,7.4,overcast clouds
673,Tevriz,RU,57.509,72.4042,-2.54,99,91,4.07,overcast clouds
674,Phan Thiet,VN,10.9333,108.1,76.21,80,50,9.33,scattered clouds
675,Mareeba,AU,-17.0,145.4333,71.44,97,100,3.15,light rain
676,Tawang,IN,27.5833,91.8667,29.25,78,92,4.72,overcast clouds
677,Kismayo,SO,-0.3582,42.5454,80.53,78,100,12.19,overcast clouds
678,Castelnaudary,FR,43.3183,1.9545,59.95,92,100,3.0,overcast clouds
679,Skjervoy,NO,70.0311,20.9714,24.98,74,68,17.78,broken clouds
680,Road Town,VG,18.4167,-64.6167,82.49,69,40,13.8,scattered clouds
681,Holsted,DK,55.5109,8.9187,33.91,99,100,11.86,overcast clouds
682,Shache,CN,38.4167,77.2406,25.41,59,52,3.98,broken clouds
683,Marion,US,39.7684,-86.1555,43.29,83,90,11.5,overcast clouds
684,Mizan Teferi,ET,6.9833,35.5833,66.16,80,54,1.3,broken clouds
685,Dalbandin,PK,28.8947,64.4101,51.26,25,0,4.94,clear sky
686,Potosi,BO,-19.5836,-65.7531,47.86,67,99,6.08,overcast clouds
687,Manati,PR,18.4275,-66.4921,86.97,82,1,12.82,clear sky
688,Kinablangan,PH,7.6947,126.5503,75.67,88,100,6.62,overcast clouds
689,Barabai,ID,-2.5833,115.3833,74.57,95,100,0.81,moderate rain
690,Brenham,US,30.1669,-96.3977,75.42,78,90,11.5,overcast clouds
691,Teontepec,MX,18.5,-97.5167,66.69,55,0,6.71,clear sky
692,Waingapu,ID,-9.6567,120.2641,79.43,84,94,7.05,overcast clouds
693,Superior,US,46.7208,-92.1041,14.7,86,90,5.75,light snow
694,Malanje,AO,-9.5402,16.341,68.81,82,99,1.34,overcast clouds
695,Chippenham,GB,51.46,-2.1247,51.53,90,87,1.01,overcast clouds
696,Hecun,CN,36.5333,114.1111,31.23,39,0,8.97,clear sky
697,Ustye,RU,59.6304,39.736,3.81,96,36,6.2,scattered clouds
698,Hay River,CA,60.8156,-115.7999,-19.12,98,100,9.31,overcast clouds
699,Klyuchi,RU,52.2667,79.1667,18.03,78,100,11.48,overcast clouds
700,Oum Hadjer,TD,13.2954,19.6966,87.21,15,48,7.4,scattered clouds
701,Thunder Bay,CA,48.4001,-89.3168,18.55,87,75,3.44,broken clouds
702,Cururupu,BR,-1.8283,-44.8683,85.68,64,70,7.58,broken clouds
703,The Valley,AI,18.217,-63.0578,82.54,65,40,12.66,scattered clouds
704,Chapais,CA,49.7834,-74.8492,12.83,84,100,3.4,overcast clouds
705,Hachinohe,JP,40.5,141.5,28.81,75,9,10.51,clear sky
706,Porto Belo,BR,-27.1578,-48.5531,93.79,63,71,8.95,broken clouds
707,Pilot Butte,CA,50.4668,-104.4178,-20.22,68,92,1.36,overcast clouds
708,Gusau,NG,12.1628,6.6614,84.97,13,1,12.19,clear sky
709,Ploemeur,FR,47.7333,-3.4333,51.62,93,90,6.91,overcast clouds
710,Tatawin,TN,32.9297,10.4518,64.62,49,20,10.89,few clouds
711,Miri,MY,4.4148,114.0089,76.87,90,100,5.86,moderate rain
712,Melfi,IT,40.9965,15.6514,54.5,78,52,0.65,broken clouds
